studentId,name
100000,Ceren Koç
100001,Kerem Kılıç
100002,Naz Şahin
100003,Ahmet Arslan
100004,Yusuf Taş
100005,Buse Arslan
100006,Emre Kılıç
100007,Ece Demir
100008,Zeynep Taş
100009,Can Bulut
100010,Emre Aydın
100011,Mehmet Aslan
100012,Elif Demir
100013,Sude Çelik
100014,Duru Aydın
100015,Emre Demir
100016,Emre Korkmaz
100017,Ahmet Erdem
100018,Ayşe Doğan
100019,Sena Polat
100020,Duru Demir
100021,Mert Arslan
100022,İrem Yıldız
100023,Ceren Kılıç
100024,Ayşe Şahin
100025,Ozan Aslan
100026,Deniz Doğan
100027,Kerem Aslan
100028,Mert Bulut
100029,Naz Doğan
100030,Mehmet Arslan
100031,Ceren Polat
100032,Yusuf Aslan
100033,Yusuf Arslan
100034,Ceren Yılmaz
100035,Ceren Yılmaz
100036,Ceren Doğan
100037,Deniz Kılıç
100038,Ayşe Şahin
100039,İrem Kılıç
100040,Kerem Demir
100041,Sude Erdem
100042,Sude Güneş
100043,Mehmet Yılmaz
100044,Elif Demir
100045,Kerem Koç
100046,Ahmet Taş
100047,Deniz Güneş
100048,Ceren Güneş
100049,Ece Aslan
100050,Ceren Arslan
100051,Sude Kılıç
100052,Kerem Bulut
100053,Zeynep Bulut
100054,Can Aydın
100055,Mert Taş
100056,Ahmet Koç
100057,Kerem Yılmaz
100058,Elif Yılmaz
100059,Yusuf Kılıç
100060,Ece Doğan
100061,Zeynep Kaya
100062,İrem Bulut
100063,Yusuf Arslan
100064,Sena Kaya
100065,Yusuf Yıldız
100066,Deniz Koç
100067,İrem Aydın
100068,Ahmet Öztürk
100069,Elif Kaya
100070,Naz Korkmaz
100071,Ceren Aslan
100072,Emre Aydın
100073,Buse Kaya
100074,Buse Öztürk
100075,Naz Aslan
100076,Sena Doğan
100077,Ayşe Öztürk
100078,Ahmet Aydın
100079,Mehmet Aslan
100080,Deniz Öztürk
100081,Elif Koç
100082,Emre Kılıç
100083,Ece Kaya
100084,Deniz Yılmaz
100085,Elif Şahin
100086,Zeynep Güneş
100087,Ayşe Aksoy
100088,Ceren Şahin
100089,Buse Yıldız
100090,Sude Şahin
100091,Mert Erdem
100092,Buse Koç
100093,Mehmet Erdem
100094,Sena Şahin
100095,Zeynep Çelik
100096,Duru Çelik
100097,Sude Arslan
100098,Zeynep Demir
100099,Ece Kılıç
100100,Kerem Güneş
100101,Mert Arslan
100102,Duru Koç
100103,Elif Aydın
100104,Deniz Erdem
100105,Ayşe Polat
100106,Mehmet Aydın
100107,Yusuf Aydın
100108,Mehmet Korkmaz
100109,Buse Polat
100110,Sena Doğan
100111,Can Yıldız
100112,Deniz Yılmaz
100113,Duru Doğan
100114,Buse Taş
100115,Elif Korkmaz
100116,Mehmet Öztürk
100117,Sude Polat
100118,Mert Aslan
100119,Kerem Taş
100120,Zeynep Korkmaz
100121,Can Aslan
100122,Mert Öztürk
100123,Sude Yıldız
100124,Naz Güneş
100125,Kerem Doğan
100126,Zeynep Kaya
100127,Emre Korkmaz
100128,Ceren Arslan
100129,İrem Koç
100130,Duru Yılmaz
100131,Ozan Korkmaz
100132,Naz Taş
100133,Can Kılıç
100134,İrem Şahin
100135,Mehmet Taş
100136,Zeynep Doğan
100137,Ece Aslan
100138,Mehmet Güneş
100139,Naz Doğan
100140,Naz Korkmaz
100141,Ayşe Güneş
100142,Ozan Güneş
100143,İrem Aydın
100144,İrem Aydın
100145,Ceren Öztürk
100146,Deniz Polat
100147,Ayşe Kaya
100148,Ahmet Arslan
100149,Ahmet Koç
100150,Sude Taş
100151,Ayşe Güneş
100152,Ece Koç
100153,Can Yıldız
100154,Yusuf Bulut
100155,Duru Erdem
100156,Can Taş
100157,Ozan Arslan
100158,Sude Kılıç
100159,Can Polat
100160,Zeynep Güneş
100161,Sena Aslan
100162,Can Yıldız
100163,Ceren Taş
100164,Naz Çelik
100165,Deniz Bulut
100166,Kerem Güneş
100167,Elif Bulut
100168,Sude Aydın
100169,Ozan Aksoy
100170,Buse Arslan
100171,Ece Aksoy
100172,Kerem Aksoy
100173,İrem Şahin
100174,Mehmet Yıldız
100175,Naz Aydın
100176,Zeynep Korkmaz
100177,Zeynep Öztürk
100178,Yusuf Aksoy
100179,Yusuf Bulut
100180,Kerem Kaya
100181,Mehmet Öztürk
100182,Yusuf Yılmaz
100183,Ayşe Taş
100184,Ceren Doğan
100185,Duru Taş
100186,Mehmet Taş
100187,Naz Şahin
100188,Zeynep Doğan
100189,Sena Aslan
100190,Naz Taş
100191,Elif Arslan
100192,Deniz Güneş
100193,Naz Yıldız
100194,Elif Aksoy
100195,Elif Çelik
100196,Kerem Erdem
100197,Elif Aydın
100198,Ayşe Aksoy
100199,Ceren Arslan
100200,Ozan Aslan
100201,Ozan Kılıç
100202,Duru Kaya
100203,İrem Bulut
100204,Mert Yıldız
100205,Ozan Aslan
100206,Sude Aslan
100207,Buse Güneş
100208,Mert Aydın
100209,Mehmet Koç
100210,Mehmet Aslan
100211,Kerem Koç
100212,Deniz Yıldız
100213,Mehmet Koç
100214,İrem Erdem
100215,Mert Aksoy
100216,Deniz Yılmaz
100217,Ayşe Öztürk
100218,Ozan Demir
100219,Yusuf Öztürk
100220,Ozan Güneş
100221,Zeynep Yılmaz
100222,Ozan Demir
100223,Can Kılıç
100224,Yusuf Yılmaz
100225,Ahmet Yıldız
100226,Ceren Arslan
100227,Ayşe Taş
100228,Emre Bulut
100229,Naz Öztürk
100230,Mert Yıldız
100231,Sena Demir
100232,Kerem Aydın
100233,Zeynep Arslan
100234,Ayşe Kaya
100235,Duru Taş
100236,Sena Kılıç
100237,Ece Arslan
100238,Mert Güneş
100239,İrem Aydın
100240,Sude Demir
100241,Ahmet Aydın
100242,Ceren Yılmaz
100243,Mert Korkmaz
100244,Naz Demir
100245,Mert Bulut
100246,Emre Aslan
100247,Naz Kaya
100248,Sude Polat
100249,Duru Kaya
100250,Yusuf Yıldız
100251,Deniz Yıldız
100252,Zeynep Kılıç
100253,Deniz Çelik
100254,Ozan Kaya
100255,Buse Taş
100256,Elif Demir
100257,Elif Taş
100258,Mert Bulut
100259,Naz Kaya
100260,Deniz Polat
100261,Can Doğan
100262,Ayşe Güneş
100263,Ece Koç
100264,Sena Kılıç
100265,Ece Koç
100266,Ayşe Şahin
100267,Naz Kılıç
100268,Duru Korkmaz
100269,Zeynep Öztürk
100270,Ayşe Taş
100271,İrem Demir
100272,Mehmet Şahin
100273,Mert Doğan
100274,Sude Kılıç
100275,İrem Güneş
100276,Can Koç
100277,Ceren Aydın
100278,Elif Doğan
100279,Duru Öztürk
100280,Yusuf Yıldız
100281,Ahmet Güneş
100282,Buse Polat
100283,Naz Polat
100284,İrem Yıldız
100285,İrem Taş
100286,Elif Kılıç
100287,Can Şahin
100288,Ece Şahin
100289,Mehmet Güneş
100290,Emre Güneş
100291,Ahmet Taş
100292,Ceren Kılıç
100293,Elif Korkmaz
100294,Ceren Polat
100295,Elif Kılıç
100296,Sena Kaya
100297,Mert Arslan
100298,Sude Demir
100299,Naz Çelik
100300,Duru Yılmaz
100301,Ece Öztürk
100302,Buse Taş
100303,İrem Doğan
100304,Yusuf Çelik
100305,Zeynep Kaya
100306,Sena Arslan
100307,Yusuf Şahin
100308,Naz Aydın
100309,Deniz Aksoy
100310,Mert Aslan
100311,Ceren Güneş
100312,Yusuf Öztürk
100313,Deniz Güneş
100314,Kerem Bulut
100315,Mehmet Arslan
100316,Yusuf Erdem
100317,Mert Aksoy
100318,Deniz Aksoy
100319,Sena Kılıç
100320,İrem Korkmaz
100321,İrem Koç
100322,Ahmet Demir
100323,Mert Güneş
100324,Yusuf Erdem
100325,Ceren Öztürk
100326,Sude Çelik
100327,Ahmet Aslan
100328,Emre Doğan
100329,Zeynep Aydın
100330,Mert Polat
100331,Naz Kaya
100332,İrem Bulut
100333,Ceren Bulut
100334,Deniz Aslan
100335,Naz Erdem
100336,Yusuf Bulut
100337,Mehmet Arslan
100338,Duru Korkmaz
100339,Sena Arslan
100340,Naz Öztürk
100341,Mehmet Şahin
100342,Ece Öztürk
100343,Mehmet Demir
100344,Ayşe Şahin
100345,Naz Erdem
100346,Yusuf Şahin
100347,Mehmet Kılıç
100348,Deniz Yılmaz
100349,Kerem Güneş
100350,İrem Erdem
100351,Buse Aslan
100352,Ece Bulut
100353,Kerem Demir
100354,Ceren Koç
100355,Ece Polat
100356,Ahmet Yıldız
100357,Ceren Aslan
100358,Yusuf Koç
100359,Elif Şahin
100360,Deniz Şahin
100361,Ayşe Aydın
100362,Mehmet Aksoy
100363,Duru Erdem
100364,Yusuf Polat
100365,Zeynep Aydın
100366,Ahmet Taş
100367,Ceren Kılıç
100368,Buse Doğan
100369,Naz Doğan
100370,Sena Yılmaz
100371,Naz Aksoy
100372,Ozan Bulut
100373,Mehmet Kılıç
100374,Ceren Kaya
100375,Sena Şahin
100376,Ahmet Aydın
100377,Can Korkmaz
100378,Naz Doğan
100379,Mehmet Demir
100380,Sude Güneş
100381,Sude Polat
100382,Can Taş
100383,Elif Taş
100384,Deniz Erdem
100385,Ozan Kaya
100386,Ceren Kaya
100387,Mehmet Erdem
100388,Ayşe Yılmaz
100389,Mehmet Taş
100390,Sude Yılmaz
100391,Sena Öztürk
100392,Mehmet Yıldız
100393,Ahmet Kılıç
100394,Mehmet Erdem
100395,Mehmet Aydın
100396,Sude Aslan
100397,Sena Aydın
100398,Zeynep Aydın
100399,Elif Erdem
100400,Zeynep Şahin
100401,Ceren Şahin
100402,Ceren Doğan
100403,Can Taş
100404,Elif Çelik
100405,Mert Polat
100406,Ece Şahin
100407,Sena Yılmaz
100408,Deniz Güneş
100409,Ozan Korkmaz
100410,Sude Aydın
100411,Emre Demir
100412,Sude Demir
100413,Yusuf Kılıç
100414,Ece Arslan
100415,Sena Yılmaz
100416,Kerem Öztürk
100417,Ahmet Aydın
100418,Elif Demir
100419,Ozan Taş
100420,Ahmet Bulut
100421,Emre Aslan
100422,Ceren Bulut
100423,Sude Aksoy
100424,Ceren Polat
100425,Yusuf Bulut
100426,Mert Demir
100427,Duru Polat
100428,Sena Güneş
100429,Ceren Taş
100430,İrem Taş
100431,Emre Kaya
100432,Mert Polat
100433,Elif Çelik
100434,Emre Demir
100435,Buse Erdem
100436,İrem Demir
100437,Deniz Koç
100438,Sena Şahin
100439,Zeynep Kılıç
100440,Yusuf Yıldız
100441,Yusuf Korkmaz
100442,Elif Şahin
100443,Ceren Kılıç
100444,Mert Aydın
100445,Buse Doğan
100446,Mert Güneş
100447,Ece Yılmaz
100448,Mert Kaya
100449,Sena Korkmaz
100450,Naz Yıldız
100451,Naz Yıldız
100452,Elif Korkmaz
100453,Emre Şahin
100454,Naz Demir
100455,Ceren Doğan
100456,Ece Arslan
100457,Naz Doğan
100458,Buse Erdem
100459,Can Taş
100460,Sena Yılmaz
100461,Ceren Polat
100462,Ayşe Bulut
100463,Deniz Korkmaz
100464,Elif Kaya
100465,Buse Öztürk
100466,Ahmet Korkmaz
100467,Mert Aslan
100468,Elif Şahin
100469,Sude Doğan
100470,Duru Erdem
100471,Zeynep Koç
100472,Ozan Koç
100473,Ahmet Şahin
100474,Mert Demir
100475,Elif Korkmaz
100476,Sena Bulut
100477,Zeynep Çelik
100478,Naz Yılmaz
100479,Buse Arslan
100480,Sena Öztürk
100481,İrem Aslan
100482,Mert Kılıç
100483,Buse Yıldız
100484,Naz Öztürk
100485,Emre Doğan
100486,Zeynep Koç
100487,Deniz Yılmaz
100488,Buse Aslan
100489,Emre Demir
100490,Ceren Çelik
100491,Naz Doğan
100492,Sude Kaya
100493,Naz Erdem
100494,Sude Yılmaz
100495,Emre Erdem
100496,Can Kaya
100497,İrem Aksoy
100498,Mehmet Polat
100499,Ahmet Yılmaz
100500,Ozan Şahin
100501,Naz Korkmaz
100502,Ceren Aksoy
100503,Kerem Şahin
100504,Mehmet Öztürk
100505,Mert Demir
100506,İrem Taş
100507,Ceren Demir
100508,Sena Aslan
100509,Emre Yıldız
100510,Ahmet Öztürk
100511,Duru Korkmaz
100512,İrem Yıldız
100513,Zeynep Kaya
100514,Ceren Doğan
100515,Can Kılıç
100516,Can Erdem
100517,Duru Erdem
100518,Buse Arslan
100519,Yusuf Polat
100520,Ece Erdem
100521,Zeynep Güneş
100522,Zeynep Şahin
100523,Naz Yılmaz
100524,Kerem Yılmaz
100525,Ece Polat
100526,Emre Bulut
100527,Deniz Yılmaz
100528,Mert Erdem
100529,Elif Aydın
100530,Buse Taş
100531,Naz Bulut
100532,Zeynep Kılıç
100533,Buse Doğan
100534,Ceren Taş
100535,Sude Korkmaz
100536,Ayşe Öztürk
100537,Mehmet Kaya
100538,Mert Öztürk
100539,Sena Taş
100540,Naz Erdem
100541,Ece Erdem
100542,Deniz Yılmaz
100543,Can Erdem
100544,Duru Şahin
100545,Ece Şahin
100546,İrem Erdem
100547,Can Yıldız
100548,Sena Şahin
100549,Buse Erdem
100550,Ceren Yıldız
100551,Emre Erdem
100552,Elif Aydın
100553,Mehmet Aksoy
100554,Ozan Doğan
100555,Ayşe Demir
100556,Deniz Güneş
100557,Sena Öztürk
100558,Kerem Demir
100559,Ceren Güneş
100560,Naz Kaya
100561,Buse Kaya
100562,Mert Çelik
100563,Buse Doğan
100564,Mehmet Koç
100565,İrem Kılıç
100566,Buse Aslan
100567,Naz Aslan
100568,Sena Kaya
100569,Mert Bulut
100570,Emre Taş
100571,Yusuf Kaya
100572,Elif Kaya
100573,Naz Doğan
100574,Ahmet Aslan
100575,Ahmet Taş
100576,Mehmet Doğan
100577,Mert Çelik
100578,Elif Arslan
100579,Emre Öztürk
100580,Deniz Koç
100581,Ahmet Öztürk
100582,Emre Çelik
100583,Zeynep Korkmaz
100584,Yusuf Yılmaz
100585,Ceren Yılmaz
100586,Kerem Yıldız
100587,Sena Aksoy
100588,Ayşe Öztürk
100589,Ozan Arslan
100590,Mert Güneş
100591,Ece Çelik
100592,Sude Kılıç
100593,Kerem Polat
100594,Elif Polat
100595,Can Şahin
100596,Emre Aslan
100597,Elif Arslan
100598,Mehmet Aydın
100599,İrem Şahin
100600,Ece Öztürk
100601,Sena Taş
100602,Zeynep Polat
100603,Kerem Çelik
100604,Emre Güneş
100605,Mert Kılıç
100606,Ceren Bulut
100607,İrem Koç
100608,Ece Yılmaz
100609,Ozan Korkmaz
100610,Mert Aslan
100611,Mehmet Taş
100612,Deniz Erdem
100613,Buse Yılmaz
100614,Ece Yıldız
100615,Buse Aslan
100616,Ceren Bulut
100617,Ayşe Aydın
100618,Ahmet Demir
100619,Buse Polat
100620,Ahmet Koç
100621,Emre Yılmaz
100622,Ece Şahin
100623,Ozan Doğan
100624,Ahmet Korkmaz
100625,Elif Korkmaz
100626,Zeynep Bulut
100627,Yusuf Polat
100628,Yusuf Öztürk
100629,Duru Erdem
100630,Mehmet Taş
100631,Duru Korkmaz
100632,Deniz Yıldız
100633,Ece Yıldız
100634,Zeynep Doğan
100635,Ahmet Arslan
100636,Yusuf Demir
100637,Duru Güneş
100638,Sude Şahin
100639,Kerem Taş
100640,Ece Şahin
100641,Ayşe Polat
100642,Emre Bulut
100643,Zeynep Güneş
100644,Ayşe Erdem
100645,Sena Kılıç
100646,İrem Aydın
100647,İrem Öztürk
100648,Kerem Kılıç
100649,Ozan Erdem
100650,Mert Demir
100651,Can Erdem
100652,Mert Yılmaz
100653,Ceren Erdem
100654,Deniz Kılıç
100655,Kerem Aslan
100656,Ayşe Aydın
100657,Mehmet Korkmaz
100658,İrem Yılmaz
100659,İrem Yılmaz
100660,Sude Polat
100661,Mehmet Şahin
100662,Ayşe Çelik
100663,Ozan Kılıç
100664,Mert Polat
100665,Ece Kaya
100666,Ayşe Yılmaz
100667,Sude Çelik
100668,Can Kılıç
100669,Mert Yılmaz
100670,Mert Yıldız
100671,Elif Öztürk
100672,Ayşe Doğan
100673,Ahmet Doğan
100674,Deniz Koç
100675,Elif Çelik
100676,Deniz Çelik
100677,Elif Öztürk
100678,Zeynep Korkmaz
100679,Sude Doğan
100680,Ceren Bulut
100681,Zeynep Şahin
100682,Elif Arslan
100683,Deniz Bulut
100684,Naz Aydın
100685,Mert Yıldız
100686,Deniz Erdem
100687,Ece Demir
100688,Mert Çelik
100689,Emre Öztürk
100690,Mert Erdem
100691,İrem Şahin
100692,Ahmet Güneş
100693,Sude Aslan
100694,Ayşe Koç
100695,Sena Kaya
100696,Emre Erdem
100697,Yusuf Demir
100698,Ayşe Doğan
100699,Yusuf Aslan
100700,Zeynep Polat
100701,Mehmet Koç
100702,Ceren Doğan
100703,Ece Güneş
100704,Emre Taş
100705,Yusuf Yılmaz
100706,Mert Aksoy
100707,Deniz Aksoy
100708,Yusuf Kaya
100709,Sude Erdem
100710,Ayşe Yılmaz
100711,Ozan Yılmaz
100712,Sude Çelik
100713,Sude Erdem
100714,Naz Bulut
100715,Ceren Aslan
100716,Buse Demir
100717,Ayşe Bulut
100718,İrem Aksoy
100719,Mert Güneş
100720,Ayşe Bulut
100721,İrem Güneş
100722,Ahmet Aydın
100723,Mehmet Yılmaz
100724,Sena Aksoy
100725,Kerem Kaya
100726,Sena Yılmaz
100727,Sena Yılmaz
100728,Ece Bulut
100729,İrem Aslan
100730,Ece Şahin
100731,İrem Yıldız
100732,Yusuf Korkmaz
100733,İrem Öztürk
100734,Emre Arslan
100735,Mert Aydın
100736,Ayşe Yıldız
100737,Sude Aslan
100738,Ece Erdem
100739,Emre Polat
100740,Sude Şahin
100741,Can Çelik
100742,İrem Arslan
100743,Ahmet Güneş
100744,Ayşe Taş
100745,Ayşe Doğan
100746,Can Arslan
100747,Kerem Polat
100748,Naz Erdem
100749,Ayşe Koç
100750,Deniz Bulut
100751,Ceren Koç
100752,Ozan Koç
100753,Mert Aksoy
100754,Kerem Demir
100755,İrem Korkmaz
100756,Can Arslan
100757,Mert Bulut
100758,Ayşe Erdem
100759,Deniz Erdem
100760,Naz Demir
100761,Elif Koç
100762,Elif Taş
100763,Yusuf Arslan
100764,Duru Aydın
100765,Mert Şahin
100766,Elif Arslan
100767,Yusuf Arslan
100768,Ayşe Polat
100769,Ozan Kılıç
100770,Zeynep Erdem
100771,Ahmet Aslan
100772,Zeynep Aslan
100773,Emre Yılmaz
100774,Ece Aksoy
100775,Ahmet Arslan
100776,Ahmet Aksoy
100777,Emre Güneş
100778,Ece Korkmaz
100779,Ozan Aksoy
100780,Ayşe Aslan
100781,Duru Aksoy
100782,Ayşe Öztürk
100783,Emre Taş
100784,Mehmet Demir
100785,İrem Koç
100786,Buse Aydın
100787,Ceren Erdem
100788,Naz Yıldız
100789,İrem Öztürk
100790,Ece Kaya
100791,Can Bulut
100792,Ece Aksoy
100793,Ceren Kılıç
100794,Elif Yıldız
100795,Emre Yılmaz
100796,Kerem Yıldız
100797,Deniz Yılmaz
100798,Deniz Aslan
100799,Zeynep Polat
100800,Kerem Yıldız
100801,Can Kaya
100802,Zeynep Yıldız
100803,Yusuf Bulut
100804,Can Şahin
100805,Emre Erdem
100806,Mehmet Taş
100807,Ceren Polat
100808,Elif Aksoy
100809,Naz Kılıç
100810,Buse Aslan
100811,Sude Çelik
100812,Ceren Korkmaz
100813,İrem Kaya
100814,Deniz Şahin
100815,Ahmet Bulut
100816,Buse Demir
100817,Duru Öztürk
100818,Buse Aydın
100819,Ahmet Kaya
100820,Sude Güneş
100821,Mehmet Aksoy
100822,Buse Aslan
100823,Sena Korkmaz
100824,Can Aksoy
100825,Sude Bulut
100826,Ayşe Arslan
100827,Can Çelik
100828,Deniz Öztürk
100829,Ozan Şahin
100830,Zeynep Taş
100831,Sude Öztürk
100832,Ceren Erdem
100833,İrem Kılıç
100834,Naz Demir
100835,Mert Aksoy
100836,Elif Korkmaz
100837,Elif Güneş
100838,Sude Korkmaz
100839,Mert Polat
100840,Ozan Polat
100841,Can Polat
100842,Ozan Yıldız
100843,Elif Bulut
100844,Can Erdem
100845,Yusuf Koç
100846,Ayşe Aksoy
100847,Kerem Güneş
100848,Ceren Taş
100849,Ahmet Öztürk
100850,Deniz Şahin
100851,Can Kaya
100852,Sena Kılıç
100853,Ayşe Doğan
100854,Ayşe Yılmaz
100855,Ayşe Korkmaz
100856,Mehmet Arslan
100857,Zeynep Korkmaz
100858,Yusuf Bulut
100859,Sude Demir
100860,Mehmet Aydın
100861,Emre Doğan
100862,Naz Erdem
100863,Naz Yıldız
100864,Buse Aksoy
100865,Mehmet Öztürk
100866,Ceren Demir
100867,Buse Öztürk
100868,Naz Koç
100869,Buse Kılıç
100870,Naz Güneş
100871,Ceren Öztürk
100872,Mehmet Aksoy
100873,Mehmet Çelik
100874,Emre Çelik
100875,Elif Aslan
100876,Naz Arslan
100877,Zeynep Çelik
100878,Can Aksoy
100879,Naz Yıldız
100880,Can Aksoy
100881,Kerem Aydın
100882,Yusuf Demir
100883,Buse Polat
100884,Naz Demir
100885,Ozan Doğan
100886,Sena Bulut
100887,Yusuf Demir
100888,Buse Güneş
100889,Mert Korkmaz
100890,Ahmet Polat
100891,İrem Öztürk
100892,Zeynep Erdem
100893,Emre Bulut
100894,Sena Şahin
100895,Sude Çelik
100896,Ayşe Çelik
100897,Ozan Öztürk
100898,Zeynep Polat
100899,Sena Yılmaz
100900,Duru Kılıç
100901,Kerem Bulut
100902,Sude Kılıç
100903,Naz Kılıç
100904,Ceren Yıldız
100905,İrem Öztürk
100906,Deniz Arslan
100907,Zeynep Güneş
100908,Ayşe Doğan
100909,Yusuf Demir
100910,Ayşe Erdem
100911,Naz Aslan
100912,Sude Demir
100913,Mert Yılmaz
100914,Deniz Erdem
100915,Naz Demir
100916,Kerem Yıldız
100917,Sena Taş
100918,Sena Şahin
100919,Kerem Yılmaz
100920,Ayşe Aydın
100921,Elif Öztürk
100922,Yusuf Aydın
100923,Ahmet Taş
100924,Deniz Şahin
100925,İrem Şahin
100926,İrem Bulut
100927,Ahmet Yıldız
100928,Sude Bulut
100929,Ceren Kaya
100930,Emre Aydın
100931,Naz Kılıç
100932,Yusuf Aksoy
100933,Naz Erdem
100934,Ayşe Bulut
100935,Sude Koç
100936,Deniz Polat
100937,Elif Aslan
100938,Yusuf Kılıç
100939,Ece Yılmaz
100940,Naz Aksoy
100941,Zeynep Güneş
100942,Duru Taş
100943,Ahmet Öztürk
100944,Deniz Kaya
100945,Deniz Kaya
100946,Zeynep Yılmaz
100947,Mert Arslan
100948,Ceren Demir
100949,Kerem Kılıç
100950,Ahmet Yıldız
100951,Emre Güneş
100952,Duru Polat
100953,Sude Şahin
100954,Ceren Arslan
100955,Ceren Demir
100956,Elif Erdem
100957,Ahmet Bulut
100958,Ahmet Kaya
100959,Sena Çelik
100960,Buse Koç
100961,Sude Korkmaz
100962,Kerem Kaya
100963,Ahmet Demir
100964,Buse Taş
100965,Ahmet Arslan
100966,Ceren Arslan
100967,Duru Öztürk
100968,Emre Korkmaz
100969,Can Öztürk
100970,İrem Kılıç
100971,Mehmet Arslan
100972,Sena Kaya
100973,Buse Polat
100974,Can Yıldız
100975,Buse Aslan
100976,Ozan Kaya
100977,Yusuf Kaya
100978,Deniz Koç
100979,Ece Bulut
100980,Emre Taş
100981,Can Kaya
100982,Deniz Kaya
100983,Ceren Doğan
100984,Ahmet Aslan
100985,Can Yıldız
100986,Mert Taş
100987,Ece Arslan
100988,Sude Demir
100989,Sena Korkmaz
100990,Mert Çelik
100991,Duru Şahin
100992,Zeynep Kılıç
100993,Emre Doğan
100994,Zeynep Erdem
100995,Deniz Demir
100996,Elif Taş
100997,Emre Kaya
100998,Yusuf Kaya
100999,Naz Doğan
101000,Ece Kılıç
101001,Buse Çelik
101002,Mehmet Yıldız
101003,İrem Doğan
101004,Ece Aksoy
101005,Ece Kılıç
101006,Can Şahin
101007,Ece Aslan
101008,İrem Polat
101009,Sude Polat
101010,Ceren Yıldız
101011,Mehmet Doğan
101012,Zeynep Arslan
101013,Can Kaya
101014,Mert Öztürk
101015,Ceren Aslan
101016,Duru Erdem
101017,Mert Yıldız
101018,Sena Arslan
101019,Buse Yıldız
101020,Kerem Aslan
101021,Ahmet Aksoy
101022,Duru Arslan
101023,Duru Polat
101024,Can Öztürk
101025,Kerem Doğan
101026,Sude Kılıç
101027,Ahmet Aydın
101028,Ece Arslan
101029,Buse Güneş
101030,Yusuf Demir
101031,Can Kaya
101032,Sude Şahin
101033,Mert Aydın
101034,Can Polat
101035,Naz Aydın
101036,Ceren Koç
101037,Yusuf Demir
101038,Mehmet Çelik
101039,Naz Polat
101040,Mehmet Aslan
101041,Kerem Güneş
101042,Naz Aydın
101043,Ceren Çelik
101044,Sena Yılmaz
101045,Elif Şahin
101046,İrem Erdem
101047,Emre Yılmaz
101048,Deniz Çelik
101049,Can Güneş
101050,Mehmet Güneş
101051,Ahmet Demir
101052,Ece Arslan
101053,Kerem Bulut
101054,Ceren Yıldız
101055,Ceren Aksoy
101056,Kerem Güneş
101057,Ceren Polat
101058,Ece Güneş
101059,Zeynep Yıldız
101060,Can Kılıç
101061,Can Taş
101062,Buse Koç
101063,Deniz Aydın
101064,Ahmet Yılmaz
101065,Mert Kılıç
101066,Ayşe Kılıç
101067,Ceren Aydın
101068,Ahmet Taş
101069,Emre Arslan
101070,Can Erdem
101071,Ayşe Kılıç
101072,Yusuf Doğan
101073,Can Aydın
101074,Duru Polat
101075,Duru Aydın
101076,Ozan Doğan
101077,Yusuf Arslan
101078,Mehmet Arslan
101079,Deniz Aslan
101080,İrem Yıldız
101081,Buse Çelik
101082,İrem Yıldız
101083,Buse Yıldız
101084,Buse Yıldız
101085,Yusuf Koç
101086,Ayşe Öztürk
101087,Ozan Yılmaz
101088,Ece Arslan
101089,Duru Doğan
101090,Duru Polat
101091,Ahmet Polat
101092,Elif Yılmaz
101093,Ahmet Yıldız
101094,Mehmet Doğan
101095,Ceren Erdem
101096,Yusuf Demir
101097,Mert Polat
101098,Zeynep Taş
101099,Elif Çelik
101100,İrem Yıldız
101101,Can Öztürk
101102,Ahmet Çelik
101103,Yusuf Bulut
101104,Zeynep Korkmaz
101105,Sena Arslan
101106,Ozan Şahin
101107,Ceren Arslan
101108,Elif Çelik
101109,Elif Güneş
101110,Deniz Koç
101111,Ceren Erdem
101112,Mehmet Aksoy
101113,Can Güneş
101114,Zeynep Taş
101115,Can Erdem
101116,Mehmet Kılıç
101117,Zeynep Güneş
101118,Ece Öztürk
101119,Elif Aydın
101120,Ceren Polat
101121,Can Çelik
101122,Ayşe Kaya
101123,Sena Korkmaz
101124,Duru Taş
101125,Sena Taş
101126,Ece Demir
101127,Kerem Koç
101128,Ayşe Aslan
101129,Mert Öztürk
101130,Mehmet Yılmaz
101131,Yusuf Aslan
101132,Ahmet Yılmaz
101133,Duru Taş
101134,Mert Korkmaz
101135,Kerem Demir
101136,Kerem Çelik
101137,Ceren Kılıç
101138,Mert Bulut
101139,Ozan Aydın
101140,Ayşe Bulut
101141,Buse Bulut
101142,Zeynep Güneş
101143,Deniz Güneş
101144,Deniz Arslan
101145,Yusuf Yılmaz
101146,Mehmet Kaya
101147,Ayşe Taş
101148,Ayşe Yılmaz
101149,Emre Taş
101150,Yusuf Arslan
101151,Mert Kaya
101152,Ece Doğan
101153,Mehmet Güneş
101154,Zeynep Koç
101155,Ahmet Yılmaz
101156,Ceren Taş
101157,Ahmet Korkmaz
101158,Elif Kaya
101159,Can Aslan
101160,Ayşe Polat
101161,Emre Güneş
101162,Sena Yıldız
101163,Mehmet Taş
101164,Ahmet Yıldız
101165,Mehmet Yıldız
101166,Mert Aslan
101167,Sude Aydın
101168,Ozan Yıldız
101169,Ece Çelik
101170,Can Şahin
101171,Ece Bulut
101172,İrem Yılmaz
101173,Deniz Erdem
101174,Elif Öztürk
101175,Deniz Kılıç
101176,İrem Şahin
101177,Naz Polat
101178,Sude Korkmaz
101179,Kerem Güneş
101180,Sude Kılıç
101181,Ece Doğan
101182,Ceren Öztürk
101183,Ahmet Doğan
101184,Zeynep Koç
101185,Ece Arslan
101186,Naz Yılmaz
101187,Kerem Aydın
101188,Naz Doğan
101189,Mehmet Aksoy
101190,Buse Kılıç
101191,Zeynep Kılıç
101192,Buse Çelik
101193,Ceren Öztürk
101194,Can Yılmaz
101195,Yusuf Koç
101196,İrem Koç
101197,Sude Doğan
101198,Duru Kılıç
101199,Zeynep Korkmaz
